,crn,href,section_name
0,35475,https://courses.illinois.edu/cisapp/explorer/schedule/2025/spring/MUS/108/35475.xml,AD1
1,35477,https://courses.illinois.edu/cisapp/explorer/schedule/2025/spring/MUS/108/35477.xml,AD2
2,35479,https://courses.illinois.edu/cisapp/explorer/schedule/2025/spring/MUS/108/35479.xml,AD3
3,35481,https://courses.illinois.edu/cisapp/explorer/schedule/2025/spring/MUS/108/35481.xml,AD4
4,46435,https://courses.illinois.edu/cisapp/explorer/schedule/2025/spring/MUS/108/46435.xml,AD5
5,51132,https://courses.illinois.edu/cisapp/explorer/schedule/2025/spring/MUS/108/51132.xml,AD6
6,46479,https://courses.illinois.edu/cisapp/explorer/schedule/2025/spring/MUS/108/46479.xml,ADH
7,35473,https://courses.illinois.edu/cisapp/explorer/schedule/2025/spring/MUS/108/35473.xml,AL1
8,35478,https://courses.illinois.edu/cisapp/explorer/schedule/2025/spring/MUS/108/35478.xml,GR 
